price date,modal price (rs./quintal)
2020-04-08,1000.0
2020-04-09,1000.0
2020-04-10,1000.0
2020-04-11,1000.0
2020-04-12,1000.0
2020-04-13,900.0
2020-04-14,900.0
2020-04-15,1000.0
2020-04-16,1200.0
2020-04-17,800.0
2020-04-18,800.0
2020-04-19,800.0
2020-04-20,1000.0
2020-04-21,800.0
2020-04-22,800.0
2020-04-23,800.0
2020-04-24,800.0
2020-04-25,800.0
2020-04-26,800.0
2020-04-27,800.0
2020-04-28,700.0
2020-04-29,800.0
2020-04-30,600.0
2020-05-01,600.0
2020-05-02,600.0
2020-05-03,600.0
2020-05-04,1000.0
2020-05-05,1000.0
2020-05-06,900.0
2020-05-07,1000.0
2020-05-08,1000.0
2020-05-09,1000.0
2020-05-10,1000.0
2020-05-11,900.0
2020-05-12,1000.0
2020-05-13,1000.0
2020-05-14,1000.0
2020-05-15,1000.0
2020-05-16,1000.0
2020-05-17,1000.0
2020-05-18,1000.0
2020-05-19,1000.0
2020-05-20,1000.0
2020-05-21,900.0
2020-05-22,1000.0
2020-05-23,1000.0
2020-05-24,1000.0
2020-05-25,1000.0
2020-05-26,1000.0
2020-05-27,1000.0
2020-05-28,1000.0
2020-05-29,1200.0
2020-05-30,1200.0
2020-05-31,1200.0
2020-06-01,1600.0
2020-06-02,1200.0
2020-06-03,1200.0
2020-06-04,1200.0
2020-06-05,1600.0
2020-06-06,1600.0
2020-06-07,1600.0
2020-06-08,1600.0
2020-06-09,1200.0
2020-06-10,2000.0
2020-06-11,1600.0
2020-06-12,1600.0
2020-06-13,1600.0
2020-06-14,1600.0
2020-06-15,1600.0
2020-06-16,2000.0
2020-06-17,2000.0
2020-06-18,1600.0
2020-06-19,2400.0
2020-06-20,2400.0
2020-06-21,2400.0
2020-06-22,2000.0
2020-06-23,2000.0
2020-06-24,2600.0
2020-06-25,2400.0
2020-06-26,2400.0
2020-06-27,2400.0
2020-06-28,2400.0
2020-06-29,2400.0
2020-06-30,3000.0
2020-07-01,3000.0
2020-07-02,3000.0
2020-07-03,2200.0
2020-07-04,2200.0
2020-07-05,2200.0
2020-07-06,2000.0
2020-07-07,2000.0
2020-07-08,2400.0
2020-07-09,4000.0
2020-07-10,2400.0
2020-07-11,2400.0
2020-07-12,2400.0
2020-07-13,4000.0
2020-07-14,3000.0
2020-07-15,3600.0
2020-07-16,4000.0
2020-07-17,3000.0
2020-07-18,3000.0
2020-07-19,3000.0
2020-07-20,2000.0
2020-07-21,2000.0
2020-07-22,2000.0
2020-07-23,2000.0
2020-07-24,2000.0
2020-07-25,2000.0
2020-07-26,2000.0
2020-07-27,1000.0
2020-07-28,1600.0
2020-07-29,1600.0
2020-07-30,1600.0
2020-07-31,1000.0
2020-08-01,1000.0
2020-08-02,1000.0
2020-08-03,800.0
2020-08-04,1000.0
2020-08-05,1000.0
2020-08-06,1000.0
2020-08-07,1000.0
2020-08-08,1000.0
2020-08-09,1000.0
2020-08-10,1600.0
2020-08-11,1600.0
2020-08-12,1600.0
2020-08-13,1600.0
2020-08-14,2000.0
2020-08-15,2000.0
2020-08-16,2000.0
2020-08-17,1600.0
2020-08-18,1600.0
2020-08-19,1600.0
2020-08-20,2000.0
2020-08-21,2000.0
2020-08-22,2000.0
2020-08-23,2000.0
2020-08-24,1600.0
2020-08-25,1600.0
2020-08-26,1200.0
2020-08-27,2400.0
2020-08-28,2400.0
2020-08-29,2400.0
2020-08-30,2400.0
2020-08-31,2000.0
2020-09-01,2000.0
2020-09-02,2000.0
2020-09-03,2000.0
2020-09-04,1600.0
2020-09-05,1600.0
2020-09-06,1600.0
2020-09-07,4000.0
2020-09-08,2600.0
2020-09-09,2000.0
2020-09-10,3000.0
2020-09-11,2000.0
2020-09-12,2000.0
2020-09-13,2000.0
2020-09-14,2400.0
2020-09-15,3000.0
2020-09-16,2600.0
2020-09-17,2600.0
2020-09-18,2400.0
2020-09-19,2400.0
2020-09-20,2400.0
2020-09-21,2000.0
2020-09-22,2000.0
2020-09-23,1000.0
2020-09-24,2500.0
2020-09-25,2500.0
2020-09-26,2500.0
2020-09-27,2500.0
2020-09-28,2000.0
2020-09-29,2000.0
2020-09-30,2000.0
2020-10-01,2400.0
2020-10-02,2400.0
2020-10-03,2400.0
2020-10-04,2400.0
2020-10-05,2400.0
2020-10-06,2000.0
2020-10-07,2000.0
2020-10-08,1600.0
2020-10-09,2000.0
2020-10-10,2000.0
2020-10-11,2000.0
2020-10-12,2000.0
2020-10-13,2400.0
2020-10-14,2000.0
2020-10-15,2000.0
2020-10-16,2400.0
2020-10-17,2400.0
2020-10-18,2400.0
2020-10-19,2400.0
2020-10-20,2400.0
2020-10-21,2000.0
2020-10-22,2400.0
2020-10-23,2400.0
2020-10-24,2400.0
2020-10-25,2400.0
2020-10-26,2400.0
2020-10-27,2400.0
2020-10-28,2400.0
2020-10-29,1600.0
2020-10-30,1600.0
2020-10-31,1600.0
2020-11-01,1600.0
2020-11-02,2000.0
2020-11-03,1200.0
2020-11-04,1500.0
2020-11-05,1600.0
2020-11-06,2000.0
2020-11-07,2000.0
2020-11-08,2000.0
2020-11-09,2000.0
2020-11-10,2400.0
2020-11-11,2000.0
2020-11-12,2400.0
2020-11-13,2400.0
2020-11-14,2400.0
2020-11-15,2400.0
2020-11-16,2400.0
2020-11-17,2400.0
2020-11-18,2000.0
2020-11-19,2000.0
2020-11-20,2000.0
2020-11-21,2000.0
2020-11-22,2000.0
2020-11-23,2000.0
2020-11-24,1600.0
2020-11-25,2000.0
2020-11-26,2000.0
2020-11-27,2400.0
2020-11-28,2400.0
2020-11-29,2400.0
2020-11-30,2000.0
2020-12-01,2000.0
2020-12-02,1600.0
2020-12-03,1600.0
2020-12-04,1600.0
2020-12-05,1600.0
2020-12-06,1600.0
2020-12-07,1600.0
2020-12-08,1600.0
2020-12-09,2000.0
2020-12-10,1600.0
2020-12-11,1600.0
2020-12-12,1600.0
2020-12-13,1600.0
2020-12-14,1600.0
2020-12-15,1600.0
2020-12-16,1600.0
2020-12-17,1600.0
2020-12-18,1600.0
2020-12-19,1600.0
2020-12-20,1600.0
2020-12-21,1600.0
2020-12-22,1200.0
2020-12-23,1200.0
2020-12-24,1200.0
2020-12-25,1200.0
2020-12-26,1200.0
2020-12-27,1200.0
2020-12-28,1000.0
2020-12-29,1000.0
2020-12-30,1000.0
2020-12-31,1000.0
2021-01-01,1000.0
2021-01-02,1000.0
2021-01-03,1000.0
2021-01-04,1200.0
2021-01-05,1000.0
2021-01-06,1000.0
2021-01-07,1000.0
2021-01-08,1000.0
2021-01-09,1000.0
2021-01-10,1000.0
2021-01-11,1000.0
2021-01-12,1000.0
2021-01-13,1000.0
2021-01-14,1000.0
2021-01-15,1000.0
2021-01-16,1000.0
2021-01-17,1000.0
2021-01-18,1000.0
2021-01-19,1000.0
2021-01-20,1000.0
2021-01-21,1000.0
2021-01-22,1000.0
2021-01-23,1000.0
2021-01-24,1000.0
2021-01-25,1000.0
2021-01-26,1000.0
2021-01-27,1000.0
2021-01-28,1000.0
2021-01-29,1000.0
2021-01-30,1000.0
2021-01-31,1000.0
2021-02-01,1000.0
2021-02-02,1000.0
2021-02-03,1000.0
2021-02-04,1000.0
2021-02-05,1000.0
2021-02-06,1000.0
2021-02-07,1000.0
2021-02-08,1000.0
2021-02-09,1000.0
2021-02-10,1000.0
2021-02-11,2000.0
2021-02-12,2000.0
2021-02-13,2000.0
2021-02-14,2000.0
2021-02-15,2000.0
2021-02-16,2000.0
2021-02-17,1500.0
2021-02-18,1500.0
2021-02-19,1500.0
2021-02-20,1500.0
2021-02-21,1500.0
2021-02-22,1800.0
2021-02-23,1500.0
2021-02-24,900.0
2021-02-25,900.0
2021-02-26,700.0
2021-02-27,700.0
2021-02-28,700.0
2021-03-01,900.0
2021-03-02,900.0
2021-03-03,900.0
2021-03-04,900.0
2021-03-05,900.0
2021-03-06,900.0
2021-03-07,900.0
2021-03-08,900.0
2021-03-09,900.0
2021-03-10,700.0
2021-03-11,700.0
2021-03-12,700.0
2021-03-13,700.0
2021-03-14,700.0
2021-03-15,900.0
2021-03-16,900.0
2021-03-17,900.0
2021-03-18,900.0
2021-03-19,900.0
2021-03-20,900.0
2021-03-21,900.0
2021-03-22,900.0
2021-03-23,900.0
2021-03-24,900.0
2021-03-25,900.0
2021-03-26,700.0
2021-03-27,700.0
2021-03-28,700.0
2021-03-29,900.0
2021-03-30,900.0
2021-03-31,900.0
2021-04-01,900.0
2021-04-02,900.0
2021-04-03,900.0
2021-04-04,900.0
2021-04-05,900.0
2021-04-06,900.0
2021-04-07,900.0
2021-04-08,900.0
2021-04-09,900.0
2021-04-10,900.0
2021-04-11,900.0
2021-04-12,900.0
2021-04-13,900.0
2021-04-14,900.0
2021-04-15,900.0
2021-04-16,900.0
2021-04-17,900.0
2021-04-18,900.0
2021-04-19,900.0
2021-04-20,1500.0
2021-04-21,1250.0
2021-04-22,900.0
2021-04-23,900.0
2021-04-24,900.0
2021-04-25,900.0
2021-04-26,1500.0
2021-04-27,1100.0
2021-04-28,1300.0
2021-04-29,1100.0
2021-04-30,1000.0
2021-05-01,1000.0
2021-05-02,1000.0
2021-05-03,900.0
2021-05-04,1100.0
2021-05-05,900.0
2021-05-06,900.0
2021-05-07,900.0
2021-05-08,900.0
2021-05-09,900.0
2021-05-10,900.0
2021-05-11,900.0
2021-05-12,1250.0
2021-05-13,1500.0
2021-05-14,1500.0
2021-05-15,1500.0
2021-05-16,1500.0
2021-05-17,750.0
2021-05-18,750.0
2021-05-19,900.0
2021-05-20,1300.0
2021-05-21,1200.0
2021-05-22,1200.0
2021-05-23,1200.0
2021-05-24,900.0
2021-05-25,900.0
2021-05-26,1400.0
2021-05-27,800.0
2021-05-28,1200.0
2021-05-29,1200.0
2021-05-30,1200.0
2021-05-31,800.0
2021-06-01,750.0
2021-06-02,900.0
2021-06-03,750.0
2021-06-04,800.0
2021-06-05,800.0
2021-06-06,800.0
2021-06-07,900.0
2021-06-08,800.0
2021-06-09,800.0
2021-06-10,800.0
2021-06-11,900.0
2021-06-12,900.0
2021-06-13,900.0
2021-06-14,800.0
2021-06-15,900.0
2021-06-16,900.0
2021-06-17,1200.0
2021-06-18,900.0
2021-06-19,900.0
2021-06-20,900.0
2021-06-21,900.0
2021-06-22,800.0
2021-06-23,1400.0
2021-06-24,800.0
2021-06-25,900.0
2021-06-26,900.0
2021-06-27,900.0
2021-06-28,900.0
2021-06-29,900.0
2021-06-30,900.0
2021-07-01,900.0
2021-07-02,900.0
2021-07-03,900.0
2021-07-04,900.0
2021-07-05,1100.0
2021-07-06,900.0
2021-07-07,900.0
2021-07-08,900.0
2021-07-09,900.0
2021-07-10,900.0
2021-07-11,900.0
2021-07-12,900.0
2021-07-13,800.0
2021-07-14,800.0
2021-07-15,1600.0
2021-07-16,800.0
2021-07-17,800.0
2021-07-18,800.0
2021-07-19,1300.0
2021-07-20,1200.0
2021-07-21,1200.0
2021-07-22,1100.0
2021-07-23,900.0
2021-07-24,900.0
2021-07-25,900.0
2021-07-26,1100.0
2021-07-27,900.0
2021-07-28,1200.0
2021-07-29,900.0
2021-07-30,800.0
2021-07-31,800.0
2021-08-01,800.0
2021-08-02,900.0
2021-08-03,800.0
2021-08-04,900.0
2021-08-05,800.0
2021-08-06,900.0
2021-08-07,900.0
2021-08-08,900.0
2021-08-09,900.0
2021-08-10,800.0
2021-08-11,800.0
2021-08-12,1000.0
2021-08-13,900.0
2021-08-14,900.0
2021-08-15,900.0
2021-08-16,800.0
2021-08-17,800.0
2021-08-18,800.0
2021-08-19,800.0
2021-08-20,800.0
2021-08-21,800.0
2021-08-22,800.0
2021-08-23,800.0
2021-08-24,800.0
2021-08-25,800.0
2021-08-26,700.0
2021-08-27,800.0
2021-08-28,800.0
2021-08-29,800.0
2021-08-30,800.0
2021-08-31,800.0
2021-09-01,800.0
2021-09-02,900.0
2021-09-03,800.0
2021-09-04,800.0
2021-09-05,800.0
2021-09-06,1200.0
2021-09-07,900.0
2021-09-08,800.0
2021-09-09,800.0
2021-09-10,800.0
2021-09-11,800.0
2021-09-12,800.0
2021-09-13,900.0
2021-09-14,800.0
2021-09-15,800.0
2021-09-16,800.0
2021-09-17,900.0
2021-09-18,900.0
2021-09-19,900.0
2021-09-20,600.0
2021-09-21,900.0
2021-09-22,900.0
2021-09-23,800.0
2021-09-24,800.0
2021-09-25,800.0
2021-09-26,800.0
2021-09-27,900.0
2021-09-28,900.0
2021-09-29,900.0
2021-09-30,1200.0
2021-10-01,1400.0
2021-10-02,1400.0
2021-10-03,1400.0
2021-10-04,1500.0
2021-10-05,2100.0
2021-10-06,2100.0
2021-10-07,1700.0
2021-10-08,2250.0
2021-10-09,2250.0
2021-10-10,2250.0
2021-10-11,1750.0
2021-10-12,1800.0
2021-10-13,1750.0
2021-10-14,1750.0
2021-10-15,1750.0
2021-10-16,2200.0
2021-10-17,2200.0
2021-10-18,2000.0
2021-10-19,2000.0
2021-10-20,2000.0
2021-10-21,1500.0
2021-10-22,1500.0
2021-10-23,1500.0
2021-10-24,1500.0
2021-10-25,2250.0
2021-10-26,2700.0
2021-10-27,2400.0
2021-10-28,2300.0
2021-10-29,1700.0
2021-10-30,1700.0
2021-10-31,1700.0
2021-11-01,1700.0
2021-11-02,3000.0
2021-11-03,3000.0
2021-11-04,3000.0
2021-11-05,3000.0
2021-11-06,2500.0
2021-11-07,2500.0
2021-11-08,2200.0
2021-11-09,2000.0
2021-11-10,2300.0
2021-11-11,3600.0
2021-11-12,3500.0
2021-11-13,3500.0
2021-11-14,3500.0
2021-11-15,3600.0
2021-11-16,5700.0
2021-11-17,4400.0
2021-11-18,4500.0
2021-11-19,4600.0
2021-11-20,4600.0
2021-11-21,4600.0
2021-11-22,4600.0
2021-11-23,4250.0
2021-11-24,3800.0
2021-11-25,3800.0
2021-11-26,3600.0
2021-11-27,3600.0
2021-11-28,3600.0
2021-11-29,3200.0
2021-11-30,4400.0
2021-12-01,3700.0
2021-12-02,3000.0
2021-12-03,4400.0
2021-12-04,4400.0
2021-12-05,4400.0
2021-12-06,9000.0
2021-12-07,1400.0
2021-12-08,5600.0
2021-12-09,5200.0
2021-12-10,5400.0
2021-12-11,5400.0
2021-12-12,5400.0
2021-12-13,4400.0
2021-12-14,3600.0
2021-12-15,2800.0
2021-12-16,3000.0
2021-12-17,3900.0
2021-12-18,3900.0
2021-12-19,3900.0
2021-12-20,3400.0
2021-12-21,3400.0
2021-12-22,3700.0
2021-12-23,3600.0
2021-12-24,3800.0
2021-12-25,3800.0
2021-12-26,3800.0
2021-12-27,4400.0
2021-12-28,4400.0
2021-12-29,4600.0
2021-12-30,3400.0
2021-12-31,3000.0
2022-01-01,3000.0
2022-01-02,3000.0
2022-01-03,2600.0
2022-01-04,1800.0
2022-01-05,1900.0
2022-01-06,1700.0
2022-01-07,1800.0
2022-01-08,1800.0
2022-01-09,1800.0
2022-01-10,2100.0
2022-01-11,2200.0
2022-01-12,2200.0
2022-01-13,1800.0
2022-01-14,1800.0
2022-01-15,1800.0
2022-01-16,1800.0
2022-01-17,1600.0
2022-01-18,1100.0
2022-01-19,1100.0
2022-01-20,1100.0
2022-01-21,900.0
2022-01-22,900.0
2022-01-23,900.0
2022-01-24,900.0
2022-01-25,1100.0
2022-01-26,1100.0
2022-01-27,1100.0
2022-01-28,1000.0
2022-01-29,1000.0
2022-01-30,1000.0
2022-01-31,700.0
2022-02-01,700.0
2022-02-02,1000.0
2022-02-03,500.0
2022-02-04,700.0
2022-02-05,700.0
2022-02-06,700.0
2022-02-07,900.0
2022-02-08,800.0
2022-02-09,700.0
2022-02-10,800.0
2022-02-11,800.0
2022-02-12,800.0
2022-02-13,800.0
2022-02-14,700.0
2022-02-15,800.0
2022-02-16,500.0
2022-02-17,500.0
2022-02-18,500.0
2022-02-19,500.0
2022-02-20,500.0
2022-02-21,500.0
2022-02-22,500.0
2022-02-23,1100.0
2022-02-24,500.0
2022-02-25,500.0
2022-02-26,500.0
2022-02-27,500.0
2022-02-28,500.0
2022-03-01,500.0
2022-03-02,500.0
2022-03-03,5000.0
2022-03-04,500.0
2022-03-05,500.0
2022-03-06,500.0
2022-03-07,500.0
2022-03-08,800.0
2022-03-09,700.0
2022-03-10,500.0
2022-03-11,500.0
2022-03-12,500.0
2022-03-13,500.0
2022-03-14,500.0
2022-03-15,500.0
2022-03-16,500.0
2022-03-17,500.0
2022-03-18,500.0
2022-03-19,500.0
2022-03-20,500.0
2022-03-21,300.0
2022-03-22,500.0
2022-03-23,300.0
2022-03-24,500.0
2022-03-25,600.0
2022-03-26,600.0
2022-03-27,600.0
2022-03-28,300.0
2022-03-29,500.0
2022-03-30,500.0
2022-03-31,900.0
2022-04-01,700.0
2022-04-02,700.0
2022-04-03,700.0
2022-04-04,700.0
2022-04-05,900.0
2022-04-06,800.0
2022-04-07,700.0
2022-04-08,900.0
2022-04-09,900.0
2022-04-10,900.0
2022-04-11,1300.0
2022-04-12,1200.0
2022-04-13,900.0
2022-04-14,900.0
2022-04-15,900.0
2022-04-16,1400.0
2022-04-17,1400.0
2022-04-18,1400.0
2022-04-19,1800.0
2022-04-20,1800.0
2022-04-21,2600.0
2022-04-22,2700.0
2022-04-23,2700.0
2022-04-24,2700.0
2022-04-25,3000.0
2022-04-26,3000.0
2022-04-27,3800.0
2022-04-28,3400.0
2022-04-29,3400.0
2022-04-30,3400.0
2022-05-01,3400.0
2022-05-02,3400.0
2022-05-03,3400.0
2022-05-04,4400.0
2022-05-05,5000.0
2022-05-06,4600.0
2022-05-07,4600.0
2022-05-08,4600.0
2022-05-09,4600.0
2022-05-10,5500.0
2022-05-11,5400.0
2022-05-12,5400.0
2022-05-13,5500.0
2022-05-14,5500.0
2022-05-15,5500.0
2022-05-16,5350.0
2022-05-17,5400.0
2022-05-18,5400.0
2022-05-19,6400.0
2022-05-20,6300.0
2022-05-21,6300.0
2022-05-22,6300.0
2022-05-23,7600.0
2022-05-24,6800.0
2022-05-25,6200.0
2022-05-26,4500.0
2022-05-27,5600.0
2022-05-28,5600.0
2022-05-29,5600.0
2022-05-30,6800.0
2022-05-31,5800.0
2022-06-01,5800.0
2022-06-02,5200.0
2022-06-03,4500.0
2022-06-04,4500.0
2022-06-05,4500.0
2022-06-06,5250.0
2022-06-07,5200.0
2022-06-08,4500.0
2022-06-09,4500.0
2022-06-10,5500.0
2022-06-11,5500.0
2022-06-12,5500.0
2022-06-13,4600.0
2022-06-14,4600.0
2022-06-15,4500.0
2022-06-16,4400.0
2022-06-17,4200.0
2022-06-18,4200.0
2022-06-19,4200.0
2022-06-20,3000.0
2022-06-21,3600.0
2022-06-22,3400.0
2022-06-23,3500.0
2022-06-24,2600.0
2022-06-25,2600.0
2022-06-26,2600.0
2022-06-27,2400.0
2022-06-28,2200.0
2022-06-29,1600.0
2022-06-30,1400.0
2022-07-01,1400.0
2022-07-02,1400.0
2022-07-03,1400.0
2022-07-04,1400.0
2022-07-05,1300.0
2022-07-06,1100.0
2022-07-07,900.0
2022-07-08,1100.0
2022-07-09,1100.0
2022-07-10,1100.0
2022-07-11,1000.0
2022-07-12,900.0
2022-07-13,900.0
2022-07-14,600.0
2022-07-15,600.0
2022-07-16,600.0
2022-07-17,600.0
2022-07-18,800.0
2022-07-19,800.0
2022-07-20,800.0
2022-07-21,900.0
2022-07-22,800.0
2022-07-23,800.0
2022-07-24,800.0
2022-07-25,500.0
2022-07-26,800.0
2022-07-27,1400.0
2022-07-28,600.0
2022-07-29,700.0
2022-07-30,700.0
2022-07-31,700.0
2022-08-01,500.0
2022-08-02,800.0
2022-08-03,600.0
2022-08-04,600.0
2022-08-05,500.0
2022-08-06,500.0
2022-08-07,500.0
2022-08-08,500.0
2022-08-09,500.0
2022-08-10,500.0
2022-08-11,600.0
2022-08-12,700.0
2022-08-13,700.0
2022-08-14,700.0
2022-08-15,700.0
2022-08-16,700.0
2022-08-17,700.0
2022-08-18,700.0
2022-08-19,800.0
2022-08-20,800.0
2022-08-21,800.0
2022-08-22,800.0
2022-08-23,900.0
2022-08-24,800.0
2022-08-25,700.0
2022-08-26,800.0
2022-08-27,800.0
2022-08-28,800.0
2022-08-29,1200.0
2022-08-30,1000.0
2022-08-31,1000.0
2022-09-01,1200.0
2022-09-02,1200.0
2022-09-03,1200.0
2022-09-04,1200.0
2022-09-05,1300.0
2022-09-06,2000.0
2022-09-07,1800.0
2022-09-08,1900.0
2022-09-09,2400.0
2022-09-10,2400.0
2022-09-11,2400.0
2022-09-12,1400.0
2022-09-13,1800.0
2022-09-14,2400.0
2022-09-15,2500.0
2022-09-16,2500.0
2022-09-17,2500.0
2022-09-18,2500.0
2022-09-19,2400.0
2022-09-20,2400.0
2022-09-21,2200.0
2022-09-22,2200.0
2022-09-23,2700.0
2022-09-24,2700.0
2022-09-25,2700.0
2022-09-26,2700.0
2022-09-27,2400.0
2022-09-28,2200.0
2022-09-29,2500.0
2022-09-30,2400.0
2022-10-01,2400.0
2022-10-02,2400.0
2022-10-03,2500.0
2022-10-04,2500.0
2022-10-05,2500.0
2022-10-06,2600.0
2022-10-07,2400.0
2022-10-08,2400.0
2022-10-09,2400.0
2022-10-10,2400.0
2022-10-11,2400.0
2022-10-12,2400.0
2022-10-13,2600.0
2022-10-14,2600.0
2022-10-15,2600.0
2022-10-16,2600.0
2022-10-17,2400.0
2022-10-18,2200.0
2022-10-19,1800.0
2022-10-20,1500.0
2022-10-21,1600.0
2022-10-22,1600.0
2022-10-23,1600.0
2022-10-24,1600.0
2022-10-25,1500.0
2022-10-26,1500.0
2022-10-27,1200.0
2022-10-28,1100.0
2022-10-29,1100.0
2022-10-30,1100.0
2022-10-31,800.0
2022-11-01,800.0
2022-11-02,1000.0
2022-11-03,1000.0
2022-11-04,1200.0
2022-11-05,1200.0
2022-11-06,1200.0
2022-11-07,1000.0
2022-11-08,800.0
2022-11-09,1100.0
2022-11-10,700.0
2022-11-11,700.0
2022-11-12,700.0
2022-11-13,700.0
2022-11-14,800.0
2022-11-15,500.0
2022-11-16,600.0
2022-11-17,500.0
2022-11-18,500.0
2022-11-19,500.0
2022-11-20,500.0
2022-11-21,800.0
2022-11-22,600.0
2022-11-23,600.0
2022-11-24,500.0
2022-11-25,500.0
2022-11-26,500.0
2022-11-27,500.0
2022-11-28,800.0
2022-11-29,800.0
2022-11-30,500.0
2022-12-01,300.0
2022-12-02,300.0
2022-12-03,300.0
2022-12-04,300.0
2022-12-05,700.0
2022-12-06,600.0
2022-12-07,500.0
2022-12-08,500.0
2022-12-09,300.0
2022-12-10,300.0
2022-12-11,300.0
2022-12-12,900.0
2022-12-13,600.0
2022-12-14,600.0
2022-12-15,600.0
2022-12-16,800.0
2022-12-17,800.0
2022-12-18,800.0
2022-12-19,800.0
2022-12-20,800.0
2022-12-21,800.0
2022-12-22,600.0
2022-12-23,600.0
2022-12-24,600.0
2022-12-25,600.0
2022-12-26,700.0
2022-12-27,800.0
2022-12-28,600.0
2022-12-29,700.0
2022-12-30,600.0
2022-12-31,600.0
2023-01-01,600.0
2023-01-02,800.0
2023-01-03,800.0
2023-01-04,800.0
2023-01-05,1000.0
2023-01-06,1000.0
2023-01-07,1000.0
2023-01-08,1000.0
2023-01-09,800.0
2023-01-10,800.0
2023-01-11,1000.0
2023-01-12,1000.0
2023-01-13,1000.0
2023-01-14,1000.0
2023-01-15,1000.0
2023-01-16,1800.0
2023-01-17,1200.0
2023-01-18,1200.0
2023-01-19,800.0
2023-01-20,1500.0
2023-01-21,1500.0
2023-01-22,1500.0
2023-01-23,1200.0
2023-01-24,1000.0
2023-01-25,800.0
2023-01-26,800.0
2023-01-27,1000.0
2023-01-28,1000.0
2023-01-29,1000.0
2023-01-30,1100.0
2023-01-31,800.0
2023-02-01,800.0
2023-02-02,1200.0
2023-02-03,800.0
2023-02-04,800.0
2023-02-05,800.0
2023-02-06,700.0
2023-02-07,1000.0
2023-02-08,1000.0
2023-02-09,1000.0
2023-02-10,1200.0
2023-02-11,1200.0
2023-02-12,1200.0
2023-02-13,1200.0
2023-02-14,1500.0
2023-02-15,1200.0
2023-02-16,1000.0
2023-02-17,1600.0
2023-02-18,1600.0
2023-02-19,1600.0
2023-02-20,1800.0
2023-02-21,1300.0
2023-02-22,1300.0
2023-02-23,1400.0
2023-02-24,1200.0
2023-02-25,1200.0
2023-02-26,1200.0
2023-02-27,1200.0
2023-02-28,1100.0
2023-03-01,1100.0
2023-03-02,3500.0
2023-03-03,1200.0
2023-03-04,1200.0
2023-03-05,1200.0
2023-03-06,1200.0
2023-03-07,1000.0
2023-03-08,800.0
2023-03-09,1200.0
2023-03-10,1200.0
2023-03-11,1200.0
2023-03-12,1200.0
2023-03-13,1200.0
2023-03-14,1100.0
2023-03-15,1100.0
2023-03-16,800.0
2023-03-17,800.0
2023-03-18,800.0
2023-03-19,800.0
2023-03-20,800.0
2023-03-21,1000.0
2023-03-22,1000.0
2023-03-23,1100.0
2023-03-24,1000.0
2023-03-25,1000.0
2023-03-26,1000.0
2023-03-27,600.0
2023-03-28,600.0
2023-03-29,800.0
2023-03-30,600.0
2023-03-31,500.0
2023-04-01,500.0
2023-04-02,500.0
2023-04-03,600.0
2023-04-04,600.0
2023-04-05,500.0
2023-04-06,600.0
2023-04-07,600.0
2023-04-08,600.0
2023-04-09,600.0
2023-04-10,500.0
2023-04-11,500.0
2023-04-12,600.0
2023-04-13,600.0
2023-04-14,600.0
2023-04-15,500.0
2023-04-16,500.0
2023-04-17,600.0
2023-04-18,600.0
2023-04-19,500.0
2023-04-20,600.0
2023-04-21,900.0
2023-04-22,900.0
2023-04-23,900.0
2023-04-24,600.0
2023-04-25,17500.0
2023-04-26,600.0
2023-04-27,600.0
2023-04-28,600.0
2023-04-29,600.0
2023-04-30,600.0
2023-05-01,600.0
2023-05-02,600.0
2023-05-03,600.0
2023-05-04,600.0
2023-05-05,600.0
2023-05-06,600.0
2023-05-07,600.0
2023-05-08,600.0
2023-05-09,450.0
2023-05-10,450.0
2023-05-11,1200.0
2023-05-12,900.0
2023-05-13,900.0
2023-05-14,900.0
2023-05-15,1000.0
2023-05-16,800.0
2023-05-17,800.0
2023-05-18,600.0
2023-05-19,800.0
2023-05-20,800.0
2023-05-21,800.0
2023-05-22,1000.0
2023-05-23,800.0
2023-05-24,900.0
2023-05-25,900.0
2023-05-26,1500.0
2023-05-27,1500.0
2023-05-28,1500.0
2023-05-29,900.0
2023-05-30,1000.0
2023-05-31,2200.0
2023-06-01,2000.0
2023-06-02,2000.0
2023-06-03,2000.0
2023-06-04,2000.0
2023-06-05,2400.0
2023-06-06,2300.0
2023-06-07,25.0
2023-06-08,2000.0
2023-06-09,2400.0
2023-06-10,2400.0
2023-06-11,2400.0
2023-06-12,2200.0
2023-06-13,2300.0
2023-06-14,2300.0
2023-06-15,2600.0
2023-06-16,2400.0
2023-06-17,2400.0
2023-06-18,2400.0
2023-06-19,2900.0
2023-06-20,2400.0
2023-06-21,2200.0
2023-06-22,2700.0
2023-06-23,2800.0
2023-06-24,2800.0
2023-06-25,2800.0
2023-06-26,5000.0
2023-06-27,5000.0
2023-06-28,5000.0
2023-06-29,5000.0
2023-06-30,5600.0
2023-07-01,5600.0
2023-07-02,5600.0
2023-07-03,7600.0
2023-07-04,7000.0
2023-07-05,7600.0
2023-07-06,8500.0
2023-07-07,7500.0
2023-07-08,7500.0
2023-07-09,7500.0
2023-07-10,7000.0
2023-07-11,7000.0
2023-07-12,7000.0
2023-07-13,7300.0
2023-07-14,7000.0
2023-07-15,7000.0
2023-07-16,7000.0
2023-07-17,7400.0
2023-07-18,7000.0
2023-07-19,7000.0
2023-07-20,6500.0
2023-07-21,7000.0
2023-07-22,7000.0
2023-07-23,7000.0
2023-07-24,11000.0
2023-07-25,11000.0
2023-07-26,8000.0
2023-07-27,8000.0
2023-07-28,7500.0
2023-07-29,7500.0
2023-07-30,7500.0
2023-07-31,8000.0
2023-08-01,8000.0
2023-08-02,7000.0
2023-08-03,7000.0
2023-08-04,7000.0
2023-08-05,7000.0
2023-08-06,7000.0
2023-08-07,5000.0
2023-08-08,7000.0
2023-08-09,5000.0
2023-08-10,4700.0
2023-08-11,3300.0
2023-08-12,3300.0
2023-08-13,3300.0
2023-08-14,3500.0
2023-08-15,3500.0
2023-08-16,3500.0
2023-08-17,2500.0
2023-08-18,1900.0
2023-08-19,1900.0
2023-08-20,1900.0
2023-08-21,1600.0
2023-08-22,2200.0
2023-08-23,1800.0
2023-08-24,1400.0
2023-08-25,12.0
2023-08-26,12.0
2023-08-27,12.0
2023-08-28,800.0
2023-08-29,1200.0
2023-08-30,1500.0
2023-08-31,1000.0
2023-09-01,800.0
2023-09-02,800.0
2023-09-03,800.0
2023-09-04,700.0
2023-09-05,600.0
2023-09-06,2200.0
2023-09-07,2200.0
2023-09-08,600.0
2023-09-09,600.0
2023-09-10,600.0
2023-09-11,500.0
2023-09-12,500.0
2023-09-13,450.0
2023-09-14,450.0
2023-09-15,500.0
2023-09-16,500.0
2023-09-17,500.0
2023-09-18,500.0
2023-09-19,500.0
2023-09-20,500.0
2023-09-21,5.0
2023-09-22,5.0
2023-09-23,5.0
2023-09-24,5.0
2023-09-25,500.0
2023-09-26,500.0
2023-09-27,500.0
2023-09-28,500.0
2023-09-29,450.0
2023-09-30,450.0
2023-10-01,450.0
2023-10-02,450.0
2023-10-03,500.0
2023-10-04,500.0
2023-10-05,500.0
2023-10-06,500.0
2023-10-07,500.0
2023-10-08,500.0
2023-10-09,5.0
2023-10-10,1100.0
2023-10-11,500.0
2023-10-12,500.0
2023-10-13,500.0
2023-10-14,500.0
2023-10-15,500.0
2023-10-16,700.0
2023-10-17,500.0
2023-10-18,500.0
2023-10-19,500.0
2023-10-20,500.0
2023-10-21,500.0
2023-10-22,500.0
2023-10-23,500.0
2023-10-24,500.0
2023-10-25,500.0
2023-10-26,600.0
2023-10-27,500.0
2023-10-28,500.0
2023-10-29,500.0
2023-10-30,500.0
2023-10-31,800.0
2023-11-01,800.0
2023-11-02,1200.0
2023-11-03,800.0
2023-11-04,800.0
2023-11-05,800.0
2023-11-06,3000.0
2023-11-07,1400.0
2023-11-08,1400.0
2023-11-09,1100.0
2023-11-10,13.0
2023-11-11,13.0
2023-11-12,13.0
2023-11-13,1400.0
2023-11-14,1400.0
2023-11-15,1800.0
2023-11-16,1400.0
2023-11-17,12.0
2023-11-18,12.0
2023-11-19,12.0
2023-11-20,12.0
2023-11-21,2500.0
2023-11-22,1600.0
2023-11-23,1600.0
2023-11-24,1600.0
2023-11-25,1600.0
2023-11-26,1600.0
2023-11-27,1600.0
2023-11-28,1500.0
2023-11-29,1600.0
2023-11-30,1600.0
2023-12-01,1150.0
2023-12-02,1150.0
2023-12-03,1150.0
2023-12-04,1200.0
2023-12-05,1800.0
2023-12-06,1600.0
2023-12-07,1800.0
2023-12-08,16.0
2023-12-09,16.0
2023-12-10,16.0
2023-12-11,1900.0
2023-12-12,1800.0
2023-12-13,1800.0
2023-12-14,1600.0
2023-12-15,1600.0
2023-12-16,1600.0
2023-12-17,1600.0
2023-12-18,1800.0
2023-12-19,1500.0
2023-12-20,1600.0
2023-12-21,1800.0
2023-12-22,1800.0
2023-12-23,1800.0
2023-12-24,1800.0
2023-12-25,1800.0
2023-12-26,1800.0
2023-12-27,1900.0
2023-12-28,1400.0
2023-12-29,1600.0
2023-12-30,1600.0
2023-12-31,1600.0
2024-01-01,1600.0
2024-01-02,1600.0
2024-01-03,1600.0
2024-01-04,1600.0
2024-01-05,1800.0
2024-01-06,1800.0
2024-01-07,1800.0
2024-01-08,1400.0
2024-01-09,1600.0
2024-01-10,1500.0
2024-01-11,1400.0
2024-01-12,1400.0
2024-01-13,1400.0
2024-01-14,1400.0
2024-01-15,1400.0
2024-01-16,1400.0
2024-01-17,1400.0
2024-01-18,1400.0
2024-01-19,1450.0
2024-01-20,1450.0
2024-01-21,1450.0
2024-01-22,1400.0
2024-01-23,1400.0
2024-01-24,1400.0
2024-01-25,1300.0
2024-01-26,1300.0
2024-01-27,1300.0
2024-01-28,1300.0
2024-01-29,1300.0
2024-01-30,1300.0
2024-01-31,1100.0
2024-02-01,1200.0
2024-02-02,1300.0
2024-02-03,1300.0
2024-02-04,1300.0
2024-02-05,1800.0
2024-02-06,1600.0
2024-02-07,1900.0
2024-02-08,1800.0
2024-02-09,1500.0
2024-02-10,1500.0
2024-02-11,1500.0
2024-02-12,1500.0
2024-02-13,1800.0
2024-02-14,1500.0
2024-02-15,1500.0
2024-02-16,1500.0
2024-02-17,1500.0
2024-02-18,1500.0
2024-02-19,1300.0
2024-02-20,1300.0
2024-02-21,1000.0
2024-02-22,900.0
2024-02-23,800.0
2024-02-24,800.0
2024-02-25,800.0
2024-02-26,900.0
2024-02-27,1600.0
2024-02-28,600.0
2024-02-29,600.0
2024-03-01,600.0
2024-03-02,600.0
2024-03-03,600.0
2024-03-04,500.0
2024-03-05,5.0
2024-03-06,900.0
2024-03-07,600.0
2024-03-08,600.0
2024-03-09,600.0
2024-03-10,600.0
2024-03-11,800.0
2024-03-12,900.0
2024-03-13,600.0
2024-03-14,600.0
2024-03-15,600.0
2024-03-16,600.0
2024-03-17,600.0
2024-03-18,600.0
2024-03-19,800.0
2024-03-20,800.0
2024-03-21,1500.0
2024-03-22,800.0
2024-03-23,800.0
2024-03-24,800.0
2024-03-25,1000.0
2024-03-26,1250.0
2024-03-27,800.0
2024-03-28,1300.0
2024-03-29,1300.0
2024-03-30,1200.0
2024-03-31,1200.0
2024-04-01,1300.0
2024-04-02,1400.0
2024-04-03,1600.0
2024-04-04,1800.0
2024-04-05,1800.0
2024-04-06,1800.0
2024-04-07,1800.0
2024-04-08,1800.0
2024-04-09,1800.0
2024-04-10,1800.0
2024-04-11,1800.0
2024-04-12,1800.0
2024-04-13,1800.0
2024-04-14,1800.0
2024-04-15,1200.0
2024-04-16,1500.0
2024-04-17,4000.0
2024-04-18,2000.0
2024-04-19,1600.0
2024-04-20,1600.0
2024-04-21,1600.0
2024-04-22,1600.0
2024-04-23,1600.0
2024-04-24,1600.0
2024-04-25,1600.0
2024-04-26,1600.0
2024-04-27,1600.0
2024-04-28,1600.0
2024-04-29,1600.0
2024-04-30,1600.0
2024-05-01,1600.0
2024-05-02,1600.0
2024-05-03,1600.0
2024-05-04,1600.0
2024-05-05,1600.0
2024-05-06,1600.0
2024-05-07,1600.0
2024-05-08,1600.0
2024-05-09,2000.0
2024-05-10,2000.0
2024-05-11,2000.0
2024-05-12,2000.0
2024-05-13,2000.0
2024-05-14,1800.0
2024-05-15,1600.0
2024-05-16,1600.0
2024-05-17,1600.0
2024-05-18,1600.0
2024-05-19,1600.0
2024-05-20,2000.0
2024-05-21,2400.0
2024-05-22,2000.0
2024-05-23,2000.0
2024-05-24,2100.0
2024-05-25,2100.0
2024-05-26,2100.0
2024-05-27,2900.0
2024-05-28,2400.0
2024-05-29,1800.0
2024-05-30,2200.0
2024-05-31,2400.0
2024-06-01,2400.0
2024-06-02,2400.0
2024-06-03,2500.0
2024-06-04,3000.0
2024-06-05,2800.0
2024-06-06,2600.0
2024-06-07,3000.0
2024-06-08,3000.0
2024-06-09,3000.0
2024-06-10,3500.0
2024-06-11,3000.0
2024-06-12,2600.0
2024-06-13,2800.0
2024-06-14,5000.0
2024-06-15,5000.0
2024-06-16,5000.0
2024-06-17,5000.0
2024-06-18,5000.0
2024-06-19,5000.0
2024-06-20,4500.0
2024-06-21,5000.0
2024-06-22,5000.0
2024-06-23,5000.0
2024-06-24,3800.0
2024-06-25,3500.0
2024-06-26,3700.0
2024-06-27,3000.0
2024-06-28,3700.0
2024-06-29,3700.0
2024-06-30,3700.0
2024-07-01,3600.0
2024-07-02,3600.0
2024-07-03,2600.0
2024-07-04,3800.0
2024-07-05,2200.0
2024-07-06,2200.0
2024-07-07,2200.0
2024-07-08,2800.0
2024-07-09,2600.0
2024-07-10,2200.0
2024-07-11,2800.0
2024-07-12,2600.0
2024-07-13,2600.0
2024-07-14,2600.0
2024-07-15,3500.0
2024-07-16,4200.0
2024-07-17,4200.0
2024-07-18,3800.0
2024-07-19,4600.0
2024-07-20,4600.0
2024-07-21,4600.0
2024-07-22,3500.0
2024-07-23,2600.0
2024-07-24,1800.0
2024-07-25,1600.0
2024-07-26,1600.0
2024-07-27,1600.0
2024-07-28,1600.0
2024-07-29,1600.0
2024-07-30,1600.0
2024-07-31,1500.0
2024-08-01,1000.0
2024-08-02,1100.0
2024-08-03,1100.0
2024-08-04,1100.0
2024-08-05,800.0
2024-08-06,1400.0
2024-08-07,1100.0
2024-08-08,1200.0
2024-08-09,1000.0
2024-08-10,1000.0
2024-08-11,1000.0
2024-08-12,800.0
2024-08-13,600.0
2024-08-14,800.0
2024-08-15,800.0
2024-08-16,600.0
2024-08-17,600.0
2024-08-18,600.0
2024-08-19,650.0
2024-08-20,600.0
2024-08-21,700.0
2024-08-22,700.0
2024-08-23,600.0
2024-08-24,600.0
2024-08-25,600.0
2024-08-26,600.0
2024-08-27,500.0
2024-08-28,600.0
2024-08-29,700.0
2024-08-30,600.0
2024-08-31,600.0
2024-09-01,600.0
2024-09-02,1100.0
2024-09-03,1200.0
2024-09-04,1450.0
2024-09-05,1500.0
2024-09-06,1500.0
2024-09-07,1500.0
2024-09-08,1500.0
2024-09-09,1500.0
2024-09-10,1500.0
2024-09-11,1150.0
2024-09-12,1200.0
2024-09-13,1600.0
2024-09-14,1600.0
2024-09-15,1600.0
2024-09-16,1600.0
2024-09-17,1800.0
2024-09-18,2300.0
2024-09-19,2750.0
2024-09-20,2750.0
2024-09-21,2750.0
2024-09-22,2750.0
2024-09-23,3000.0
2024-09-24,3000.0
2024-09-25,3000.0
2024-09-26,2800.0
2024-09-27,2800.0
2024-09-28,2800.0
2024-09-29,2800.0
2024-09-30,3200.0
2024-10-01,3100.0
2024-10-02,3100.0
2024-10-03,3100.0
2024-10-04,3100.0
2024-10-05,3100.0
2024-10-06,3100.0
2024-10-07,3100.0
2024-10-08,3000.0
2024-10-09,2600.0
2024-10-10,2500.0
2024-10-11,2500.0
2024-10-12,2500.0
2024-10-13,2500.0
2024-10-14,3000.0
2024-10-15,3000.0
2024-10-16,3000.0
2024-10-17,3000.0
2024-10-18,2500.0
2024-10-19,2500.0
2024-10-20,2500.0
2024-10-21,2500.0
2024-10-22,3200.0
2024-10-23,2500.0
2024-10-24,3000.0
2024-10-25,2600.0
2024-10-26,2600.0
2024-10-27,2600.0
2024-10-28,2800.0
2024-10-29,2400.0
2024-10-30,2400.0
2024-10-31,2400.0
2024-11-01,2400.0
2024-11-02,2400.0
2024-11-03,2400.0
2024-11-04,1900.0
2024-11-05,1400.0
2024-11-06,1200.0
2024-11-07,1400.0
2024-11-08,1500.0
2024-11-09,1500.0
2024-11-10,1500.0
2024-11-11,1200.0
2024-11-12,1900.0
2024-11-13,1600.0
2024-11-14,1600.0
2024-11-15,1600.0
2024-11-16,1600.0
2024-11-17,1600.0
2024-11-18,1600.0
2024-11-19,1500.0
2024-11-20,1800.0
2024-11-21,1800.0
2024-11-22,1800.0
2024-11-23,1800.0
2024-11-24,1800.0
2024-11-25,1800.0
2024-11-26,3000.0
2024-11-27,3200.0
2024-11-28,3200.0
2024-11-29,3200.0
2024-11-30,3200.0
2024-12-01,3200.0
2024-12-02,2600.0
2024-12-03,2600.0
2024-12-04,2600.0
2024-12-05,1800.0
2024-12-06,2200.0
2024-12-07,2200.0
2024-12-08,2200.0
2024-12-09,1400.0
2024-12-10,700.0
2024-12-11,700.0
2024-12-12,600.0
2024-12-13,900.0
2024-12-14,900.0
2024-12-15,900.0
2024-12-16,1200.0
2024-12-17,800.0
2024-12-18,1000.0
2024-12-19,1200.0
2024-12-20,1200.0
2024-12-21,1200.0
2024-12-22,1200.0
2024-12-23,1800.0
2024-12-24,1800.0
2024-12-25,1800.0
2024-12-26,1200.0
2024-12-27,1200.0
2024-12-28,1200.0
2024-12-29,1200.0
2024-12-30,900.0
2024-12-31,900.0
